,ACTIVE_LISTING_RATE,MIN_PRICE,MAX_PRICE,AVG_PRICE,MEDIAN_PRICE,DISTINCT_HOST_COUNT,AVG_REVIEW_SCORES_RATING,ACTIVE_PERCENTAGE_CHANGE,INACTIVE_PERCENTAGE_CHANGE,SUPERHOST_RATE,TOTAL_STAYING,AVERAGE_ESTIMATED_REVENUE
0,99.790400,14,3000,126.866795,80.000,400,90.407688,0.691500,0.380200,13.641900,103575,75070124250
1,99.821000,14,3000,135.409924,82.000,350,90.272295,-13.203400,-13.636400,16.212500,89933,61108304371
2,99.773600,14,3000,113.395991,80.000,356,90.333636,4.064100,5.701800,15.754700,92502,55467714276
3,99.770400,14,3000,108.830163,78.000,377,90.542766,26.027000,28.630700,13.883400,119779,84965832545
4,99.792500,14,3000,108.507796,80.000,375,90.447118,-12.293100,-11.935500,13.105100,104244,65288746908
5,99.792500,14,3000,109.047297,80.000,372,90.399832,-0.780900,0.000000,12.707500,103603,65209903863
6,99.789300,14,3000,108.644616,78.000,381,90.470286,-0.656700,1.098900,12.745800,102825,63498139200
7,99.790700,14,3000,109.605557,78.500,383,90.418192,-0.320200,0.000000,11.480000,102971,64579601273
8,99.786400,14,3000,108.672079,78.000,380,90.426077,-0.895600,-0.362300,11.536400,101803,62008919921
9,99.780900,14,3000,108.341874,78.000,372,90.337368,-1.222200,0.363600,11.705600,99481,58890762380
10,99.771500,14,3000,108.663740,78.000,361,90.353443,-2.534000,0.000000,12.808500,96975,55217371050
11,99.767700,24,2180,143.653085,102.000,108,95.517348,,,25.087100,24718,6100303528
12,99.767600,24,2180,144.456610,100.000,106,95.523148,0.691500,0.380200,25.043600,24711,6129118752
13,99.744400,24,2180,146.365791,100.000,97,95.394488,-13.203400,-13.636400,28.434500,21657,4948126389
14,99.757100,24,2180,146.580037,100.000,99,95.499190,4.064100,5.701800,32.058300,23247,5598598257
15,99.791700,24,2399,167.641441,100.000,104,95.568444,26.027000,28.630700,31.250000,28572,9177354972
16,99.767700,24,2399,167.761350,100.000,97,95.419250,-12.293100,-11.935500,32.578400,25526,7356950564
17,99.765800,24,2399,161.049883,100.000,96,95.450622,-0.780900,0.000000,32.494100,25394,6968850026
18,99.767700,24,2399,162.113504,104.000,100,95.526098,-0.656700,1.098900,32.520300,25028,6970573308
19,99.770800,24,2399,162.363010,106.000,100,95.533003,-0.320200,0.000000,24.527200,25502,7208752348
20,99.766900,24,2399,165.249416,111.000,97,95.541525,-0.895600,-0.362300,25.233100,24605,6960926735
21,99.764300,24,2399,172.531010,111.000,98,95.514630,-1.222200,0.363600,24.985300,24160,7057015200
22,99.758700,20,2001,153.791557,90.000,295,93.858220,-1.222200,0.363600,29.129200,82648,57807647712
23,99.747400,20,2001,153.602210,90.000,291,93.999389,-2.534000,0.000000,26.799500,78296,52242849408
24,100.000000,30,2711,278.879433,167.500,56,95.263158,,,7.801400,11816,1858515008
25,100.000000,30,2711,278.624779,155.000,57,95.257218,0.691500,0.380200,7.787600,11835,1863101205
26,100.000000,30,2711,274.711900,155.000,48,95.380000,-13.203400,-13.636400,10.438400,9721,1279157227
27,100.000000,30,2711,270.202840,155.000,47,95.192737,4.064100,5.701800,10.142000,9858,1313184180
28,100.000000,30,2711,274.246855,185.000,52,95.374690,26.027000,28.630700,7.861600,13693,2388346753
29,100.000000,30,2711,274.910909,155.000,52,95.455526,-12.293100,-11.935500,6.909100,11544,1745464344
30,100.000000,30,2711,263.031250,155.000,51,95.251366,-0.780900,0.000000,6.985300,11401,1631357689
31,100.000000,30,2711,277.644689,155.000,51,95.050420,-0.656700,1.098900,7.875500,11433,1733174202
32,100.000000,30,2711,287.742173,155.000,51,94.951429,-0.320200,0.000000,6.445700,11409,1782587796
33,100.000000,30,2711,287.132463,155.000,50,94.825073,-0.895600,-0.362300,6.529900,11142,1714787226
34,100.000000,30,2711,295.992337,155.000,49,94.939940,-1.222200,0.363600,6.705000,10941,1690472028
35,100.000000,30,2711,280.268839,155.000,51,95.295238,-2.534000,0.000000,7.306900,10110,1391257320
36,99.956200,14,9022,166.826580,100.000,1215,93.424350,,,14.616100,590450,2474783197950
37,99.956500,14,9022,167.093860,100.000,1203,93.446271,0.691500,0.380200,14.558000,591624,2500383469320
38,99.954200,14,9022,169.378536,100.000,1067,93.464708,-13.203400,-13.636400,16.257900,500733,1850035181382
39,99.951400,14,9022,167.470534,100.000,1094,93.478250,4.064100,5.701800,16.349800,511230,1936547419680
40,99.958400,14,9022,162.490859,100.000,1182,93.514848,26.027000,28.630700,15.183700,681653,3192947176972
41,99.952400,14,9022,164.998253,100.000,1168,93.527401,-12.293100,-11.935500,13.774600,588889,2447019883924
42,99.952100,14,9022,162.323854,100.000,1163,93.493105,-0.780900,0.000000,13.604400,585091,2377774718540
43,99.951600,14,9022,163.683919,100.000,1160,93.549388,-0.656700,1.098900,13.949700,583371,2365153461477
44,99.934500,19,14568,216.895738,104.000,309,92.342003,-13.203400,-13.636400,9.742200,87358,86685168684
45,99.939600,19,14568,212.596053,110.000,322,92.064477,4.064100,5.701800,9.599500,92340,97488139680
46,99.951900,19,14568,208.306816,119.000,340,91.991511,26.027000,28.630700,10.259700,122551,159168380943
47,99.944300,19,14568,210.421991,110.000,335,92.214065,-12.293100,-11.935500,10.562500,104719,118637411728
48,99.943500,19,14568,207.511588,110.000,334,92.283209,-0.780900,0.000000,10.753300,104273,114832101072
49,99.943000,19,14568,207.354317,109.000,338,92.293996,-0.656700,1.098900,10.549300,104764,114220941516
50,99.943000,19,14568,207.818769,108.000,338,92.272835,-0.320200,0.000000,9.550000,104457,114271570806
51,99.941700,19,14568,207.173600,110.000,332,92.361277,-0.895600,-0.362300,9.481300,102529,109265257829
52,99.941500,19,14568,207.098537,109.000,331,92.363690,-1.222200,0.363600,9.126400,102198,108470913240
53,99.939900,19,14568,211.168672,109.000,319,92.257646,-2.534000,0.000000,10.096300,99883,105165512221
54,99.975000,23,28613,329.184227,150.000,844,93.635882,,,9.833800,378434,1993441209004
55,99.975000,23,28613,328.588769,150.000,831,93.651863,0.691500,0.380200,9.728000,378357,1988062857291
56,99.978800,25,10408,322.103903,150.000,751,93.751036,-13.203400,-13.636400,10.812900,326911,1486720942135
57,99.972300,25,12076,312.001454,150.000,761,93.756322,4.064100,5.701800,10.926600,332004,1496503049940
58,99.972300,20,28613,338.016408,150.000,817,93.614383,26.027000,28.630700,9.670300,431113,2628847749208
59,99.975000,20,28613,329.417319,150.000,811,93.695856,-12.293100,-11.935500,9.090900,376995,1983417442380
60,99.974600,20,28613,320.745409,150.000,806,93.718719,-0.780900,0.000000,9.159600,372401,1879959197012
61,99.974200,23,28613,322.777255,150.000,792,93.756038,-0.656700,1.098900,8.849500,369893,1851905554014
62,99.974100,23,28613,321.211560,150.000,790,93.747682,-0.320200,0.000000,7.838300,368008,1824310602064
63,99.973900,23,28613,327.057844,150.000,786,93.828551,-0.895600,-0.362300,7.998200,364467,1825813837515
64,99.973500,23,28613,323.844159,150.000,782,93.797153,-1.222200,0.363600,7.882200,359941,1762226503316
65,99.972700,23,28613,330.313401,150.000,745,93.912126,-2.534000,0.000000,8.828300,350306,1693195643656
66,99.865200,14,15000,159.965572,85.000,303,91.312246,4.064100,5.701800,15.685400,85880,61050975560
67,99.895900,14,15000,191.804933,90.000,337,91.341213,26.027000,28.630700,16.068000,118280,130607259880
68,99.877900,14,15000,179.023019,88.000,334,91.472293,-12.293100,-11.935500,13.306200,99335,87297982040
69,99.877600,14,15000,178.280956,89.000,330,91.236553,-0.780900,0.000000,13.265300,98251,85724685257
70,99.876000,14,15000,179.660596,90.000,331,91.142142,-0.656700,1.098900,12.546500,97243,84418593160
71,99.874600,14,15000,182.788659,90.000,328,91.297257,-0.320200,0.000000,13.416900,96793,84553234771
72,99.875100,14,15000,182.591496,91.000,330,91.192972,-0.895600,-0.362300,13.509600,96760,84768920240
73,99.875000,14,15000,183.330344,91.000,331,91.231415,-1.222200,0.363600,13.062600,96519,84846860811
74,99.866700,14,15000,187.020907,92.000,304,91.872843,-2.534000,0.000000,10.871600,92130,77467141980
75,99.670000,20,1429,95.575055,78.000,54,90.502203,,,9.240900,14089,1219980599
76,99.673200,20,1429,94.949727,78.000,55,90.489115,0.691500,0.380200,9.150300,14381,1249406899
77,99.650300,20,2164,112.541520,76.000,50,90.392188,-13.203400,-13.636400,17.832200,12928,1243970944
78,99.664800,20,1429,103.475336,78.000,52,90.374622,4.064100,5.701800,16.648000,13603,1255556900
79,99.706500,20,1429,105.074583,80.000,52,90.740791,26.027000,28.630700,14.579300,16136,1727697656
80,99.666300,20,1429,100.859375,77.000,48,90.767442,-12.293100,-11.935500,10.456100,14223,1285332510
81,99.657900,15,1429,100.350114,75.000,51,92.165595,-0.780900,0.000000,11.402500,13982,1226305292
82,99.658300,15,1429,102.310857,78.000,54,92.392092,-0.656700,1.098900,11.389500,13927,1246772894
83,99.655200,15,1429,104.613610,78.000,52,92.425000,-0.320200,0.000000,12.183900,14050,1274335000
84,99.657900,15,1429,104.112128,78.000,54,92.431894,-0.895600,-0.362300,12.998900,14035,1277100790
85,99.659500,15,1429,103.659453,78.000,55,92.469421,-1.222200,0.363600,12.939800,14059,1279551767
86,99.657100,15,1429,104.793578,78.000,56,92.443144,-2.534000,0.000000,12.808500,13922,1272192360
87,99.946600,22,2143,214.974546,136.000,369,95.708119,-0.780900,0.000000,26.792400,116898,141180870846
88,99.946600,22,2143,216.585931,139.000,372,95.749825,-0.656700,1.098900,27.002500,117350,142712855500
89,99.946500,22,2143,216.508825,139.000,374,95.792007,-0.320200,0.000000,27.761900,117238,142373592724
90,99.945900,22,2143,214.742337,136.000,371,95.773105,-0.895600,-0.362300,27.284200,115896,138027616056
91,99.945500,22,2143,214.149164,137.500,376,95.818662,-1.222200,0.363600,26.820400,115098,135663365346
92,99.943900,22,2143,214.864946,139.000,359,95.706115,-2.534000,0.000000,28.109900,111837,128463583116
93,99.943500,0,14315,180.737240,120.000,2960,92.588821,,,14.474300,2090564,34748687918084
94,99.943900,0,14315,180.300376,120.000,2943,92.614066,0.691500,0.380200,14.497400,2100196,35054638160892
95,99.950800,0,14315,182.528746,120.000,2615,92.672306,-13.203400,-13.636400,15.413100,1779519,25757375499093
96,99.951700,0,14315,170.643147,120.000,2611,92.716548,4.064100,5.701800,16.171400,1826951,25816569676009
97,99.938100,0,14315,173.254485,120.000,2825,92.711338,26.027000,28.630700,15.025000,2410671,43834624160838
98,99.943200,0,14315,171.427720,120.000,2790,92.706450,-12.293100,-11.935500,13.996900,2086210,32744989435620
99,99.942800,0,23929,172.500744,120.000,2773,92.704282,-0.780900,0.000000,14.036100,2078959,32557495840320
100,99.940800,0,23929,172.828490,120.000,2746,92.734873,-0.656700,1.098900,14.316100,2063722,31886294146974
101,99.940700,0,23929,176.902355,120.000,2719,92.729076,-0.320200,0.000000,13.350200,2059465,32527958390445
102,99.940100,0,23929,176.768877,120.000,2704,92.737886,-0.895600,-0.362300,12.980500,2042632,31938779831512
103,99.939300,0,23929,176.697152,120.000,2690,92.721726,-1.222200,0.363600,13.144700,2020216,31174233906024
104,99.937800,0,14315,174.258357,120.000,2620,92.716077,-2.534000,0.000000,12.845600,1982048,29396354448544
105,99.876200,21,9999,191.727385,75.000,243,92.795111,,,18.719100,53860,33333738560
106,99.876600,21,9999,191.129401,76.000,235,92.515138,0.691500,0.380200,18.106100,53946,33385938642
107,99.906300,21,9999,206.101875,79.000,224,92.538046,-13.203400,-13.636400,19.825200,51637,34055944062
108,99.879300,21,9999,183.460562,78.000,230,92.608677,4.064100,5.701800,18.744300,52557,31905830547
109,99.758700,24,2399,172.605804,109.000,102,95.475177,-2.534000,0.000000,24.235000,23833,6804083170
110,99.900200,4,10001,193.870843,110.000,1514,92.529060,,,9.451100,822693,5428612157484
111,99.901200,4,10001,193.275042,110.000,1511,92.457033,0.691500,0.380200,9.594100,826951,5492043734467
112,99.895200,4,10001,196.616832,111.000,1337,92.422485,-13.203400,-13.636400,10.086200,699834,4066192302816
113,99.899400,4,10001,192.972358,115.000,1365,92.488735,4.064100,5.701800,10.512100,716095,4254210832465
114,99.906600,4,10001,191.059400,110.000,1472,92.407554,26.027000,28.630700,9.871000,960562,7263712210280
115,99.901300,4,10001,191.729183,110.000,1453,92.414149,-12.293100,-11.935500,9.346500,827249,5457217711674
116,99.900300,4,10001,190.824503,110.000,1436,92.448540,-0.780900,0.000000,9.227900,819492,5327681390400
117,99.899900,4,10001,189.723239,110.000,1443,92.418695,-0.656700,1.098900,9.171000,818308,5266304601416
118,99.899600,4,10001,190.143373,110.000,1436,92.399087,-0.320200,0.000000,8.201000,815016,5240151892128
119,99.899200,4,10001,189.077450,110.000,1436,92.354641,-0.895600,-0.362300,8.255800,811486,5172557019994
120,99.898100,4,10001,189.147946,110.000,1421,92.330988,-1.222200,0.363600,8.181000,804194,5068816285538
121,99.896500,4,10001,188.922277,110.000,1393,92.306924,-2.534000,0.000000,8.506200,794529,4924769621679
122,99.984900,16,5000,113.464113,80.000,436,92.954438,,,14.533400,129517,97460765398
123,99.984800,16,5000,113.097539,80.000,424,92.942433,0.691500,0.380200,14.400700,129405,96330117240
124,99.982700,16,5000,117.849931,80.000,385,92.711027,-13.203400,-13.636400,15.868600,108732,74116515408
125,99.982600,16,5000,103.855181,80.000,365,92.850829,4.064100,5.701800,16.513100,108341,64720204875
126,99.986300,16,5000,105.572074,80.000,402,93.189883,26.027000,28.630700,16.890200,147474,113732538696
127,99.984500,16,5000,106.686521,80.000,402,93.028272,-12.293100,-11.935500,13.477000,126637,87101941696
128,99.984400,16,5000,106.291108,80.000,399,93.022656,-0.780900,0.000000,13.461200,126218,85995605068
129,99.984400,16,5000,106.611719,80.000,405,93.106373,-0.656700,1.098900,13.607200,126604,86383808260
130,99.984400,14,5000,107.379246,80.000,400,93.093409,-0.320200,0.000000,14.241000,127072,87177237312
131,99.984200,14,5000,108.721037,80.000,400,92.926292,-0.895600,-0.362300,14.001300,126119,86754485482
132,99.984000,14,5000,107.836192,80.000,394,92.826128,-1.222200,0.363600,13.567800,124808,83969574320
133,99.983200,15,5000,107.672266,80.000,362,93.201222,-2.534000,0.000000,14.199700,119992,76911632216
134,99.951800,15,4567,129.061234,67.000,159,88.906977,,,15.807200,35484,9498108732
135,99.952300,15,4567,128.174535,67.000,159,88.909025,0.691500,0.380200,15.443300,35435,9524290170
136,99.945000,15,4567,136.013216,69.000,139,89.438140,-13.203400,-13.636400,17.226200,28418,7019246000
137,99.946000,15,4567,128.423243,70.000,137,88.980998,4.064100,5.701800,17.612100,28333,6731439139
138,99.958600,15,4567,116.992543,67.000,153,88.166557,26.027000,28.630700,16.480300,42453,11989576260
139,99.952000,15,4567,122.530259,67.000,150,88.881268,-12.293100,-11.935500,15.938600,34799,8877503292
140,99.950800,20,4567,120.789474,67.000,146,88.656694,-0.780900,0.000000,15.339200,34178,8392920570
141,99.949700,20,4567,121.424547,67.000,145,89.334365,-0.656700,1.098900,15.686300,33417,8066596464
142,99.949900,20,4567,121.406219,67.000,146,89.313364,-0.320200,0.000000,14.135300,33673,8151694532
143,99.948700,20,4567,123.747817,67.000,145,89.407378,-0.895600,-0.362300,14.476400,32797,7902010789
144,99.948000,20,4567,122.856325,67.000,144,89.666121,-1.222200,0.363600,14.360000,32621,7698784347
145,99.947300,20,4567,122.939905,66.000,134,89.668858,-2.534000,0.000000,9.401200,32165,7501424805
146,99.946200,22,2710,212.801579,138.000,382,95.485225,,,26.501700,116161,137785067116
147,99.946500,22,2710,212.652399,138.000,381,95.559432,0.691500,0.380200,26.506200,117056,139570785152
148,99.961100,22,2710,212.452511,136.000,351,95.820106,-13.203400,-13.636400,29.771900,104564,114140075684
149,99.943500,22,2710,210.228507,136.500,350,95.953443,4.064100,5.701800,31.260600,107559,119933878068
150,99.934800,22,2710,210.545202,136.000,372,95.454388,26.027000,28.630700,30.185900,129030,166477215630
151,99.946700,22,2143,212.888296,137.000,366,95.668373,-12.293100,-11.935500,26.951100,117297,140387852826
152,99.967700,24,14589,209.118066,130.000,610,94.084832,4.064100,5.701800,16.152000,259681,671523120674
153,99.974900,24,14589,204.779219,133.000,665,94.302408,26.027000,28.630700,14.679500,354674,1158954752188
154,99.970700,24,14589,206.647098,130.000,650,94.226559,-12.293100,-11.935500,14.987200,300233,847559560398
155,99.970000,24,14589,203.650086,130.000,629,94.210127,-0.780900,0.000000,15.067900,293205,795890898660
156,99.969900,24,14589,204.071617,130.000,643,94.282530,-0.656700,1.098900,14.959000,293532,795432680244
157,99.969800,24,14589,204.264335,130.000,634,94.279923,-0.320200,0.000000,12.349800,292973,792154167131
158,99.969600,24,14589,204.306231,130.000,630,94.296541,-0.895600,-0.362300,12.503800,291511,783776880370
159,99.969300,24,14589,205.121017,130.000,629,94.246409,-1.222200,0.363600,12.391600,288978,771944330598
160,99.968900,24,14589,206.958988,130.000,608,94.334486,-2.534000,0.000000,13.191500,285133,758289258259
161,99.971500,12,10000,351.878573,200.000,1799,95.129813,,,16.884700,1200460,22211908502260
162,99.971700,12,10000,351.991430,200.000,1783,95.144785,0.691500,0.380200,16.909200,1206110,22489602267340
163,99.970100,1,10000,350.927219,199.000,1636,95.095662,-13.203400,-13.636400,18.539300,1047766,17222213563280
164,99.967200,1,10000,353.878484,200.000,1657,95.151904,4.064100,5.701800,18.507700,1081488,18673446581232
165,99.959700,1,10000,346.834852,200.000,1759,95.193206,26.027000,28.630700,16.402500,1376032,28444926198528
166,99.958600,1,10000,353.969579,200.000,1736,95.172828,-12.293100,-11.935500,15.916600,1211818,22786507013896
167,99.958500,1,10000,355.062978,200.000,1719,95.163886,-0.780900,0.000000,15.906700,1210757,22765088986520
168,99.958600,1,10000,359.228963,200.000,1745,95.207525,-0.656700,1.098900,15.895100,1215443,23203857012752
169,99.958400,1,10000,359.534566,200.000,1728,95.198197,-0.320200,0.000000,15.732500,1207876,22972616593644
170,99.958000,1,10000,360.227183,200.000,1715,95.228259,-0.895600,-0.362300,15.593400,1197069,22579804989744
171,99.957500,1,10000,360.757607,200.000,1701,95.247847,-1.222200,0.363600,15.437500,1186065,22160863071270
172,99.956600,12,10000,361.642789,200.000,1666,95.262912,-2.534000,0.000000,15.316800,1162822,21292923190062
173,99.791800,14,3000,126.550148,80.000,409,90.353348,,,13.356500,104314,75945077502
174,100.000000,31,472,116.147687,99.000,44,94.666667,-0.656700,1.098900,33.807800,8990,586822250
175,100.000000,31,472,117.417407,99.000,44,94.508108,-0.320200,0.000000,41.030200,9039,597532134
176,100.000000,31,472,117.644404,99.000,43,94.508108,-0.895600,-0.362300,41.696800,9001,586640175
177,100.000000,31,472,117.858456,95.000,42,94.508108,-1.222200,0.363600,42.463200,8905,570944075
178,100.000000,31,425,106.096647,85.000,38,94.677711,-2.534000,0.000000,34.989600,8448,454426368
179,99.738900,20,2500,136.363002,76.000,74,91.667401,,,28.372500,19468,3042303296
180,99.739600,20,2500,138.290688,79.000,74,92.068080,0.691500,0.380200,28.211800,19521,3101808816
181,99.724500,20,2500,142.654696,76.000,68,92.123529,-13.203400,-13.636400,30.578500,18365,2845160895
182,99.706700,20,2500,145.520588,79.500,68,92.259074,4.064100,5.701800,31.085000,16263,2413933353
183,99.745100,20,999,129.528109,76.500,71,91.633663,26.027000,28.630700,27.017800,19817,3013491922
184,99.727500,20,999,125.840619,74.000,67,91.270396,-12.293100,-11.935500,25.613100,18875,2608015375
185,99.732900,20,999,126.023214,75.000,70,90.925201,-0.780900,0.000000,25.289400,19103,2696312038
186,99.735400,20,2833,144.884173,78.000,71,90.819347,-0.656700,1.098900,23.633200,19451,3187318664
187,99.734000,20,10000,170.694222,79.000,71,90.917160,-0.320200,0.000000,27.659600,19359,3717528129
188,99.738900,20,10000,168.507853,78.000,75,91.075406,-0.895600,-0.362300,28.459500,19719,3807936090
189,99.740300,20,10000,167.176215,78.000,74,91.167239,-1.222200,0.363600,29.264100,19771,3807637577
190,99.737500,20,2833,143.516667,75.500,72,91.075231,-2.534000,0.000000,27.409400,19682,3220152338
191,99.910000,21,2711,148.852060,100.000,338,93.399576,,,8.526400,94733,62623439116
192,99.910000,21,2711,148.651733,100.000,331,93.431946,0.691500,0.380200,8.389600,95089,62788312679
193,99.893800,21,2711,151.295243,102.000,282,93.562680,-13.203400,-13.636400,8.866500,79246,45116649704
194,99.897600,21,2711,152.443732,101.000,282,93.871959,4.064100,5.701800,9.193300,80599,47930855117
195,99.920400,21,2711,145.927490,100.000,310,93.633726,26.027000,28.630700,8.459400,109275,80050056900
196,100.000000,14,9999,130.571122,90.000,103,92.809524,-0.780900,0.000000,22.230200,21890,3998624410
197,100.000000,14,750,115.230101,90.000,101,93.055255,-0.656700,1.098900,22.286500,21614,3441986272
198,100.000000,14,750,115.729123,90.000,103,93.003195,-0.320200,0.000000,14.175400,21812,3597104168
199,100.000000,14,750,116.566478,90.000,102,93.313830,-0.895600,-0.362300,14.285700,21906,3610656450
200,100.000000,14,750,117.200000,90.000,100,93.241567,-1.222200,0.363600,13.862800,21357,3466710954
201,100.000000,14,750,114.379786,90.000,91,93.190476,-2.534000,0.000000,11.514200,19907,2973707660
202,99.924400,30,15309,434.574915,200.000,299,94.669038,,,13.383700,118880,273086737440
203,99.925100,30,15309,431.149925,200.000,300,94.640405,0.691500,0.380200,13.183500,119760,275521772160
204,99.935400,30,15309,449.606804,200.000,262,94.611647,-13.203400,-13.636400,14.848300,102030,213035987220
205,99.937700,30,15309,439.194393,205.000,264,94.767435,4.064100,5.701800,14.591100,105222,222515173062
206,99.918900,30,15309,426.271635,200.000,290,94.795126,26.027000,28.630700,12.102500,141338,371069774566
207,99.926100,30,5000,427.913879,205.000,284,94.643418,-12.293100,-11.935500,10.378600,122608,283891712736
208,99.924800,30,5000,427.646716,205.000,280,94.583013,-0.780900,0.000000,10.569900,120536,273868278632
209,99.924700,30,8230,432.000188,216.000,282,94.548646,-0.656700,1.098900,10.841300,120723,276876872547
210,99.924700,30,8230,430.930833,215.500,284,94.540267,-0.320200,0.000000,12.956700,120369,275226005511
211,99.924500,30,5000,429.061780,217.000,281,94.545590,-0.895600,-0.362300,12.950700,119920,272341198080
212,99.922800,30,5000,432.473542,216.500,280,94.439278,-1.222200,0.363600,12.727300,118891,266238323068
213,99.920400,30,5000,433.281586,205.000,266,94.374804,-2.534000,0.000000,9.055600,115931,252057991717
214,99.970200,19,14589,207.459540,130.000,704,94.163172,,,14.958700,296400,826008705600
215,99.970500,19,14589,207.146740,130.000,696,94.185147,0.691500,0.380200,15.273600,298879,840452828943
216,99.965300,19,14589,205.022639,129.000,598,94.048291,-13.203400,-13.636400,16.682600,248628,587683495368
217,99.951300,14,9022,163.500690,100.000,1139,93.551865,-0.320200,0.000000,13.369700,580976,2339413154320
218,99.950800,14,9022,163.190607,100.000,1133,93.496415,-0.895600,-0.362300,13.333100,575882,2291196638734
219,99.950100,14,9022,163.263298,100.000,1121,93.503345,-1.222200,0.363600,13.396800,568472,2231631202352
220,99.949100,14,9022,164.296625,100.000,1083,93.513942,-2.534000,0.000000,13.598000,562208,2175748895456
221,99.969100,25,3000,221.822675,109.000,230,91.812050,,,13.681300,62509,44883962360
222,99.969200,25,3000,217.439520,108.000,228,91.814465,0.691500,0.380200,13.630800,62658,44265433338
223,99.966000,29,3000,219.428912,109.000,197,91.961264,-13.203400,-13.636400,14.790900,52851,34095289971
224,99.966800,31,3000,214.052806,110.000,191,92.110611,4.064100,5.701800,14.940200,54326,35013813238
225,99.972900,25,3000,212.893611,108.000,215,92.015804,26.027000,28.630700,13.044700,73419,57738830751
226,99.969800,25,3000,210.099608,108.000,216,91.982875,-12.293100,-11.935500,13.827100,63097,43919297820
227,99.969700,25,3000,214.178095,108.000,218,92.049591,-0.780900,0.000000,13.042200,62831,44354350661
228,99.969200,25,3000,214.280382,106.000,214,91.982260,-0.656700,1.098900,13.197700,62195,43206679915
229,99.968900,25,3000,215.542404,108.000,213,91.855992,-0.320200,0.000000,15.652200,61541,42699053571
230,99.968400,25,3000,216.878558,108.000,212,91.865795,-0.895600,-0.362300,15.934200,60410,41427365700
231,99.968100,25,3000,212.053623,106.000,210,91.798241,-1.222200,0.363600,16.081700,60353,40096360492
232,99.967100,25,3000,211.142951,107.000,198,91.739753,-2.534000,0.000000,12.990500,58606,37568204180
233,100.000000,14,9999,134.347949,90.000,108,92.247168,,,20.226300,21798,4140922464
234,100.000000,14,9999,132.649721,90.000,108,92.460606,0.691500,0.380200,20.264600,22042,4198670370
235,100.000000,14,9999,153.153481,90.000,93,92.082300,-13.203400,-13.636400,22.151900,19990,3869784140
236,100.000000,14,9999,133.740014,90.000,103,92.506098,4.064100,5.701800,22.985300,21418,4087561046
237,100.000000,14,9999,131.234568,90.000,101,93.068933,26.027000,28.630700,21.481500,24083,5120045800
238,100.000000,14,9999,132.453770,90.000,103,92.628812,-12.293100,-11.935500,22.119500,21882,4075084860
239,99.793200,0,3500,114.702280,73.000,295,92.604359,,,14.039500,85659,42671202168
240,99.796700,0,3500,115.595745,75.000,292,92.751451,0.691500,0.380200,14.117900,86677,44266117254
241,99.797700,0,3500,119.088444,76.000,260,92.833736,-13.203400,-13.636400,16.540200,73753,34658231019
242,99.821000,0,3500,113.000000,75.000,260,92.721346,4.064100,5.701800,16.773200,72155,31831322560
243,99.803600,0,3500,110.521055,70.000,285,92.542567,26.027000,28.630700,14.807500,102048,57317096064
244,99.802700,0,3500,113.129613,72.000,284,92.633723,-12.293100,-11.935500,12.606900,88296,45469437936
245,99.800000,0,3500,112.310329,72.000,281,92.595814,-0.780900,0.000000,13.352600,86295,43535654910
246,99.794400,0,3500,113.677043,74.000,272,92.696936,-0.656700,1.098900,13.156700,84547,41990690285
247,99.792900,0,3500,113.012682,73.000,273,92.493953,-0.320200,0.000000,10.630500,83124,40742064864
248,99.790600,0,3500,112.573427,72.000,271,92.479159,-0.895600,-0.362300,10.746700,82434,39810675960
249,99.787900,0,3500,112.336718,71.000,272,92.598985,-1.222200,0.363600,10.414700,81570,38806601220
250,99.779500,0,3500,112.700466,70.000,260,92.695813,-2.534000,0.000000,11.670000,78563,36062695327
251,99.781800,20,5000,152.419983,90.000,299,93.608169,,,24.083800,83890,58485507410
252,99.784700,20,5000,151.262624,89.000,292,93.633518,0.691500,0.380200,24.052500,84686,59360736386
253,99.861800,20,5000,155.445675,90.000,273,93.519270,-13.203400,-13.636400,27.367000,76608,51622837056
254,99.839400,20,5000,153.540547,89.000,272,93.624335,4.064100,5.701800,27.299900,76822,51344905564
255,99.727000,20,5000,152.317560,86.000,288,93.744960,26.027000,28.630700,25.000000,96316,75025540832
256,99.785600,20,2001,148.951450,90.000,284,93.664459,-12.293100,-11.935500,26.966800,85679,59407162551
257,99.784300,20,2001,151.029399,90.000,287,93.718514,-0.780900,0.000000,27.092300,84911,59324089082
258,99.766600,20,2001,153.362263,90.000,299,93.737937,-0.656700,1.098900,27.016100,86355,62258155380
259,99.763400,20,2001,153.793059,90.000,298,93.762433,-0.320200,0.000000,28.731200,84822,60515916612
260,99.760000,20,2001,153.890420,90.000,294,93.908039,-0.895600,-0.362300,29.063900,82800,58257003600
261,99.908400,21,2711,146.824891,100.000,308,93.655060,-12.293100,-11.935500,8.197800,93674,60007283378
262,99.904900,21,2711,145.967634,100.000,289,93.789434,-0.780900,0.000000,8.107500,90734,55652243304
263,99.905200,21,3586,150.071395,100.000,293,93.590858,-0.656700,1.098900,8.293700,91144,57666899944
264,99.905100,21,3586,149.708215,100.000,297,93.730129,-0.320200,0.000000,8.040800,90926,57335298746
265,99.904900,21,3586,149.812039,100.000,291,93.548804,-0.895600,-0.362300,8.319500,90602,57048455320
266,99.904100,21,3586,150.417366,100.000,292,93.514604,-1.222200,0.363600,8.171600,89938,56399220420
267,99.900100,21,3586,151.542114,100.000,278,93.763968,-2.534000,0.000000,7.102400,86489,52440010480
268,99.823700,12,1000,95.538348,70.000,449,90.811290,,,12.285100,110562,71753853504
269,99.825000,12,1000,95.729106,70.000,443,90.790648,0.691500,0.380200,12.179100,111384,72975455280
270,99.839500,12,2157,96.226812,70.000,409,90.907121,-13.203400,-13.636400,12.662500,97477,58352364079
271,99.807100,12,1000,95.367107,70.000,392,90.762447,4.064100,5.701800,12.556300,95317,56431381363
272,99.812000,12,2261,95.372174,70.000,430,90.908770,26.027000,28.630700,12.960000,123790,87743094740
273,99.824100,12,2261,95.389925,70.000,429,90.914094,-12.293100,-11.935500,12.901300,110083,71500009330
274,99.821900,12,2261,96.149993,70.000,427,91.074290,-0.780900,0.000000,13.177000,109097,70564048697
275,99.821600,12,2261,96.754020,70.000,422,91.057589,-0.656700,1.098900,13.020200,108918,70774916400
276,99.820400,12,2261,97.014543,70.000,419,91.051129,-0.320200,0.000000,10.924900,107856,69792215472
277,99.819800,12,2261,96.873157,70.000,420,91.009241,-0.895600,-0.362300,10.859100,107461,69185433559
278,99.817800,12,2261,97.210254,70.000,417,90.970952,-1.222200,0.363600,11.102700,105862,67641901106
279,99.813100,12,2261,95.159307,70.000,401,91.100394,-2.534000,0.000000,10.905600,104156,63522244656
280,99.880800,14,15000,182.076158,90.000,366,91.627945,,,15.352500,100999,92480845339
281,99.881000,14,15000,181.239921,90.000,360,91.567030,0.691500,0.380200,15.195400,101289,92430567927
282,99.857300,14,15000,165.287619,85.000,304,91.684649,-13.203400,-13.636400,15.097500,82743,57440852544
283,99.860700,21,9999,177.287308,75.000,234,92.618574,26.027000,28.630700,17.075200,57260,36393024500
284,99.882400,21,9999,181.980565,75.000,226,92.539228,-12.293100,-11.935500,17.882400,54156,33468732936
285,99.881200,21,9999,198.187277,75.000,223,92.588855,-0.780900,0.000000,17.428700,53799,35867900898
286,99.878500,21,8224,188.095195,75.000,218,92.536970,-0.656700,1.098900,17.162800,52813,32662569541
287,99.878200,21,8224,190.040536,75.000,216,92.534585,-0.320200,0.000000,16.073100,52753,32892708819
288,99.877200,21,8224,191.282422,75.000,214,92.530659,-0.895600,-0.362300,16.513200,52410,32621713530
289,99.875700,21,8224,192.291848,75.000,211,92.508617,-1.222200,0.363600,16.250800,51785,32004476410
290,99.872000,21,8224,193.699679,73.000,202,92.381298,-2.534000,0.000000,17.033100,50577,30565855911
291,99.951100,4,10000,239.550383,150.000,1896,94.013762,,,9.153400,1328684,16901981889296
292,99.951300,4,10000,239.616094,150.000,1877,94.034373,0.691500,0.380200,9.002800,1331954,17022590560456
293,99.944400,14,10000,238.847421,150.000,1663,93.971035,-13.203400,-13.636400,9.500600,1110630,11916243586950
294,99.946700,14,10000,240.708865,150.000,1684,94.005447,4.064100,5.701800,9.952600,1138468,12840935403648
295,99.956400,4,10000,241.048300,150.000,1836,94.114980,26.027000,28.630700,9.211700,1554448,23179883497008
296,99.951100,4,10000,239.580917,150.000,1826,94.081945,-12.293100,-11.935500,9.030000,1330569,16928436869145
297,99.950900,4,10000,239.539328,150.000,1825,94.073213,-0.780900,0.000000,8.951200,1327746,16837428508152
298,99.949000,4,10000,240.522024,150.000,1853,94.115574,-0.656700,1.098900,8.964200,1332369,16943897789649
299,99.948800,4,10000,241.439375,150.000,1836,94.094891,-0.320200,0.000000,7.949600,1327848,16885086460392
300,99.950300,4,10000,241.216690,150.000,1818,94.070650,-0.895600,-0.362300,7.870900,1319468,16644650756624
301,99.947700,4,10000,240.771370,150.000,1812,94.101964,-1.222200,0.363600,7.708700,1305446,16230547456592
302,99.946500,4,10000,241.232254,150.000,1765,94.042383,-2.534000,0.000000,7.268200,1281237,15596577437694
303,99.942300,24,14568,217.338849,120.000,355,92.172424,,,9.192300,103381,116769873310
304,99.943500,19,14568,213.974557,119.000,355,92.092907,0.691500,0.380200,8.871700,104110,118201184390
305,99.411200,18,2228,94.045081,64.000,211,91.260349,-0.895600,-0.362300,12.659500,41381,11826813943
306,99.404800,18,2228,94.584830,64.000,212,91.351292,-1.222200,0.363600,12.863800,40929,11637015138
307,99.390000,18,2228,95.926355,64.000,202,91.540787,-2.534000,0.000000,11.220900,40092,11279964384
308,100.000000,14,2711,108.267843,68.000,163,89.681994,,,8.135100,46457,13107656722
309,100.000000,14,2711,106.138857,67.000,160,89.678670,0.691500,0.380200,8.093600,46306,12813055424
310,100.000000,14,2711,107.812209,69.000,145,89.547767,-13.203400,-13.636400,8.563000,40769,10368739001
311,100.000000,14,2711,109.951356,70.000,146,89.708455,4.064100,5.701800,8.492800,41745,11511517710
312,100.000000,14,2711,108.659091,70.000,153,90.045794,26.027000,28.630700,7.641600,53502,17649721278
313,100.000000,14,2711,105.500552,70.000,158,89.741782,-12.293100,-11.935500,6.956200,46933,13453109785
314,100.000000,14,2711,105.282279,70.000,160,89.984550,-0.780900,0.000000,7.658200,46683,13284954774
315,100.000000,14,2711,105.534211,70.000,157,90.039914,-0.656700,1.098900,7.969900,45783,12852249543
316,100.000000,14,2711,105.191232,70.000,155,90.121328,-0.320200,0.000000,9.788400,45460,12653154560
317,100.000000,16,2711,107.356709,70.000,152,90.792215,-0.895600,-0.362300,10.417500,45068,11936214732
318,100.000000,16,2711,108.421836,70.000,150,90.781649,-1.222200,0.363600,10.670000,44421,11645587044
319,100.000000,16,2711,109.955153,70.000,147,90.660736,-2.534000,0.000000,14.761300,43020,10969497720
320,100.000000,35,472,114.323471,95.000,41,94.283626,,,23.668600,8332,482939384
321,100.000000,31,472,111.933712,89.000,41,94.381868,0.691500,0.380200,22.727300,8499,502299399
322,100.000000,31,2157,127.270876,89.000,40,94.268293,-13.203400,-13.636400,37.678200,8047,502857030
323,100.000000,31,472,116.340304,95.000,41,94.524590,4.064100,5.701800,35.171100,8455,517403725
324,100.000000,31,472,112.837128,89.000,42,94.681265,26.027000,28.630700,36.252200,9252,596106360
325,100.000000,31,472,117.209507,99.000,43,94.666667,-12.293100,-11.935500,33.450700,9184,611424800
326,100.000000,31,472,117.209507,99.000,43,94.666667,-0.780900,0.000000,33.450700,9184,611424800
327,99.881400,0,15367,133.857937,80.000,990,92.168694,,,13.540500,326504,699588366656
328,99.876900,0,15367,133.174422,80.000,976,92.105018,0.691500,0.380200,13.552100,328254,709276471770
329,99.853100,0,15367,136.516703,80.000,863,91.960594,-13.203400,-13.636400,15.923100,280123,546049926606
330,99.879300,0,15367,125.720623,80.000,868,92.078254,4.064100,5.701800,15.671300,289112,541611723656
331,99.887200,0,15367,122.019090,80.000,940,92.325312,26.027000,28.630700,13.971100,379903,862025360501
332,99.872900,0,15367,124.208035,80.000,932,92.223350,-12.293100,-11.935500,13.760500,329947,676286096907
333,99.872100,0,15367,124.883297,80.000,920,92.272218,-0.780900,0.000000,13.599000,327989,671422018043
334,99.871700,0,15367,125.127578,80.000,919,92.312861,-0.656700,1.098900,13.743600,326678,668043442880
335,99.871100,0,15367,128.474558,80.000,919,92.309935,-0.320200,0.000000,12.437800,324304,677969835552
336,99.870100,0,15367,127.674820,80.000,913,92.289819,-0.895600,-0.362300,12.304300,322592,665085668256
337,99.868000,0,15367,128.234395,80.000,906,92.340566,-1.222200,0.363600,12.225600,318915,649917197415
338,99.864200,0,15367,125.580328,80.000,876,92.360927,-2.534000,0.000000,11.766300,311752,604592188424
339,99.410000,20,2000,92.145071,63.000,227,90.718235,,,13.208800,40911,11433642636
340,99.434100,20,2000,96.218147,64.000,222,91.053120,0.691500,0.380200,13.612100,42449,12918843762
341,99.512400,20,2164,101.740637,65.000,202,90.606735,-13.203400,-13.636400,14.698700,37854,11003135742
342,99.414300,18,2000,95.700164,62.000,208,90.901022,4.064100,5.701800,14.025400,39384,11514463776
343,99.374300,18,2000,91.984831,61.000,213,91.486538,26.027000,28.630700,15.301500,47799,15362359605
344,99.426900,18,2000,94.992635,62.000,211,91.268823,-12.293100,-11.935500,12.289100,42192,12516763104
345,99.429500,18,2000,92.057698,61.000,216,91.278897,-0.780900,0.000000,12.329600,42180,12180951300
346,99.432000,18,2000,91.773088,62.000,212,91.223332,-0.656700,1.098900,12.590700,42284,12227560268
347,99.427100,18,2228,93.072663,62.000,208,91.186681,-0.320200,0.000000,12.412500,41913,12186581967
